{
  "disorder": "Acute stress disorder",
  "created_date": "2026-01-10T14:07:37.396068",
  "dataset_info": {
    "positive_samples": 38,
    "negative_samples": 907,
    "imbalance_ratio": 23.86842105263158,
    "total_features": 1140
  },
  "model_config": {
    "knn_metric": "manhattan",
    "knn_n_neighbors": 9,
    "rf_n_estimators": 300,
    "rf_max_depth": 12,
    "ensemble_strategy": "F1-Weighted",
    "ensemble_weights": {
      "knn": 1.0,
      "rf": 0.0,
      "et": 0.0
    },
    "optimal_threshold": 0.89
  },
  "performance_metrics": {
    "f1_score": 0.11538461538461539,
    "recall": 0.375,
    "precision": 0.06818181818181818,
    "accuracy": 0.7566137566137566,
    "balanced_accuracy": 0.5742403314917127,
    "auc_roc": 0.5466160220994475
  },
  "confusion_matrix": {
    "true_negative": 140,
    "false_positive": 41,
    "false_negative": 5,
    "true_positive": 3
  },
  "individual_model_f1": {
    "knn": 0.08547008547008547,
    "random_forest": 0.0,
    "extra_trees": 0.0
  },
  "clinical_metrics": {
    "sensitivity": 0.375,
    "specificity": 0.7734806629834254,
    "ppv": 0.06818181818181818,
    "npv": 0.9655172413793104
  }
}