{
  "disorder": "Alcohol use disorder",
  "created_date": "2026-01-10T14:06:16.768042",
  "dataset_info": {
    "positive_samples": 93,
    "negative_samples": 852,
    "imbalance_ratio": 9.161290322580646,
    "total_features": 1140
  },
  "model_config": {
    "knn_metric": "manhattan",
    "knn_n_neighbors": 5,
    "rf_n_estimators": 300,
    "rf_max_depth": 12,
    "ensemble_strategy": "F1-Weighted",
    "ensemble_weights": {
      "knn": 0.6875,
      "rf": 0.3125,
      "et": 0.0
    },
    "optimal_threshold": 0.83
  },
  "performance_metrics": {
    "f1_score": 0.21428571428571427,
    "recall": 0.15789473684210525,
    "precision": 0.3333333333333333,
    "accuracy": 0.8835978835978836,
    "balanced_accuracy": 0.5613003095975232,
    "auc_roc": 0.5334365325077399
  },
  "confusion_matrix": {
    "true_negative": 164,
    "false_positive": 6,
    "false_negative": 16,
    "true_positive": 3
  },
  "individual_model_f1": {
    "knn": 0.16923076923076924,
    "random_forest": 0.07692307692307693,
    "extra_trees": 0.0
  },
  "clinical_metrics": {
    "sensitivity": 0.15789473684210525,
    "specificity": 0.9647058823529412,
    "ppv": 0.3333333333333333,
    "npv": 0.9111111111111111
  }
}