{
  "disorder": "Anxiety disorder",
  "created_date": "2026-01-10T14:05:32.721214",
  "dataset_info": {
    "positive_samples": 107,
    "negative_samples": 838,
    "imbalance_ratio": 7.831775700934579,
    "total_features": 1140
  },
  "model_config": {
    "knn_metric": "manhattan",
    "knn_n_neighbors": 7,
    "rf_n_estimators": 300,
    "rf_max_depth": 12,
    "ensemble_strategy": "F1-Weighted",
    "ensemble_weights": {
      "knn": 0.6240266963292547,
      "rf": 0.0,
      "et": 0.3759733036707453
    },
    "optimal_threshold": 0.39
  },
  "performance_metrics": {
    "f1_score": 0.21176470588235294,
    "recall": 0.8571428571428571,
    "precision": 0.12080536912751678,
    "accuracy": 0.291005291005291,
    "balanced_accuracy": 0.5386904761904762,
    "auc_roc": 0.43140589569161
  },
  "confusion_matrix": {
    "true_negative": 37,
    "false_positive": 131,
    "false_negative": 3,
    "true_positive": 18
  },
  "individual_model_f1": {
    "knn": 0.20118343195266272,
    "random_forest": 0.0,
    "extra_trees": 0.12121212121212122
  },
  "clinical_metrics": {
    "sensitivity": 0.8571428571428571,
    "specificity": 0.22023809523809523,
    "ppv": 0.12080536912751678,
    "npv": 0.925
  }
}