{
  "disorder": "Bipolar disorder",
  "created_date": "2026-01-10T14:06:39.555636",
  "dataset_info": {
    "positive_samples": 67,
    "negative_samples": 878,
    "imbalance_ratio": 13.104477611940299,
    "total_features": 1140
  },
  "model_config": {
    "knn_metric": "manhattan",
    "knn_n_neighbors": 13,
    "rf_n_estimators": 300,
    "rf_max_depth": 12,
    "ensemble_strategy": "F1-Weighted",
    "ensemble_weights": {
      "knn": 0.4893617021276595,
      "rf": 0.2553191489361702,
      "et": 0.2553191489361702
    },
    "optimal_threshold": 0.33999999999999997
  },
  "performance_metrics": {
    "f1_score": 0.16774193548387098,
    "recall": 1.0,
    "precision": 0.09154929577464789,
    "accuracy": 0.31746031746031744,
    "balanced_accuracy": 0.6335227272727273,
    "auc_roc": 0.5887237762237763
  },
  "confusion_matrix": {
    "true_negative": 47,
    "false_positive": 129,
    "false_negative": 0,
    "true_positive": 13
  },
  "individual_model_f1": {
    "knn": 0.16666666666666666,
    "random_forest": 0.08695652173913043,
    "extra_trees": 0.08695652173913043
  },
  "clinical_metrics": {
    "sensitivity": 1.0,
    "specificity": 0.26704545454545453,
    "ppv": 0.09154929577464789,
    "npv": 1.0
  }
}