{
  "disorder": "Mood disorder",
  "created_date": "2026-01-10T14:04:49.200408",
  "dataset_info": {
    "positive_samples": 266,
    "negative_samples": 679,
    "imbalance_ratio": 2.5526315789473686,
    "total_features": 1140
  },
  "model_config": {
    "knn_metric": "manhattan",
    "knn_n_neighbors": 9,
    "rf_n_estimators": 300,
    "rf_max_depth": 12,
    "ensemble_strategy": "F1-Weighted",
    "ensemble_weights": {
      "knn": 0.44833314874293945,
      "rf": 0.24853250636836863,
      "et": 0.303134344888692
    },
    "optimal_threshold": 0.44000000000000006
  },
  "performance_metrics": {
    "f1_score": 0.4845360824742268,
    "recall": 0.8867924528301887,
    "precision": 0.3333333333333333,
    "accuracy": 0.4708994708994709,
    "balanced_accuracy": 0.5978079911209767,
    "auc_roc": 0.6059933407325194
  },
  "confusion_matrix": {
    "true_negative": 42,
    "false_positive": 94,
    "false_negative": 6,
    "true_positive": 47
  },
  "individual_model_f1": {
    "knn": 0.47058823529411764,
    "random_forest": 0.2608695652173913,
    "extra_trees": 0.3181818181818182
  },
  "clinical_metrics": {
    "sensitivity": 0.8867924528301887,
    "specificity": 0.3088235294117647,
    "ppv": 0.3333333333333333,
    "npv": 0.875
  }
}