{
  "disorder": "Obsessive compulsitve disorder",
  "created_date": "2026-01-10T14:07:25.802664",
  "dataset_info": {
    "positive_samples": 46,
    "negative_samples": 899,
    "imbalance_ratio": 19.543478260869566,
    "total_features": 1140
  },
  "model_config": {
    "knn_metric": "manhattan",
    "knn_n_neighbors": 5,
    "rf_n_estimators": 300,
    "rf_max_depth": 12,
    "ensemble_strategy": "F1-Weighted",
    "ensemble_weights": {
      "knn": 1.0,
      "rf": 0.0,
      "et": 0.0
    },
    "optimal_threshold": 0.8099999999999999
  },
  "performance_metrics": {
    "f1_score": 0.13559322033898305,
    "recall": 0.4444444444444444,
    "precision": 0.08,
    "accuracy": 0.7301587301587301,
    "balanced_accuracy": 0.5944444444444444,
    "auc_roc": 0.6737654320987654
  },
  "confusion_matrix": {
    "true_negative": 134,
    "false_positive": 46,
    "false_negative": 5,
    "true_positive": 4
  },
  "individual_model_f1": {
    "knn": 0.12698412698412698,
    "random_forest": 0.0,
    "extra_trees": 0.0
  },
  "clinical_metrics": {
    "sensitivity": 0.4444444444444444,
    "specificity": 0.7444444444444445,
    "ppv": 0.08,
    "npv": 0.9640287769784173
  }
}