{
  "disorder": "Schizophrenia",
  "created_date": "2026-01-10T14:06:05.577155",
  "dataset_info": {
    "positive_samples": 117,
    "negative_samples": 828,
    "imbalance_ratio": 7.076923076923077,
    "total_features": 1140
  },
  "model_config": {
    "knn_metric": "manhattan",
    "knn_n_neighbors": 9,
    "rf_n_estimators": 300,
    "rf_max_depth": 12,
    "ensemble_strategy": "F1-Weighted",
    "ensemble_weights": {
      "knn": 1.0,
      "rf": 0.0,
      "et": 0.0
    },
    "optimal_threshold": 0.33999999999999997
  },
  "performance_metrics": {
    "f1_score": 0.21839080459770116,
    "recall": 0.8260869565217391,
    "precision": 0.12582781456953643,
    "accuracy": 0.2804232804232804,
    "balanced_accuracy": 0.5154531168150864,
    "auc_roc": 0.43268727082242014
  },
  "confusion_matrix": {
    "true_negative": 34,
    "false_positive": 132,
    "false_negative": 4,
    "true_positive": 19
  },
  "individual_model_f1": {
    "knn": 0.2138364779874214,
    "random_forest": 0.0,
    "extra_trees": 0.0
  },
  "clinical_metrics": {
    "sensitivity": 0.8260869565217391,
    "specificity": 0.20481927710843373,
    "ppv": 0.12582781456953643,
    "npv": 0.8947368421052632
  }
}