{
  "disorder": "Trauma and stress related disorder",
  "created_date": "2026-01-10T14:05:10.482714",
  "dataset_info": {
    "positive_samples": 128,
    "negative_samples": 817,
    "imbalance_ratio": 6.3828125,
    "total_features": 1140
  },
  "model_config": {
    "knn_metric": "manhattan",
    "knn_n_neighbors": 7,
    "rf_n_estimators": 300,
    "rf_max_depth": 12,
    "ensemble_strategy": "F1-Weighted",
    "ensemble_weights": {
      "knn": 0.5869373345101501,
      "rf": 0.41306266548985,
      "et": 0.0
    },
    "optimal_threshold": 0.44000000000000006
  },
  "performance_metrics": {
    "f1_score": 0.272108843537415,
    "recall": 0.7692307692307693,
    "precision": 0.1652892561983471,
    "accuracy": 0.43386243386243384,
    "balanced_accuracy": 0.5747994336951392,
    "auc_roc": 0.5420009438414346
  },
  "confusion_matrix": {
    "true_negative": 62,
    "false_positive": 101,
    "false_negative": 6,
    "true_positive": 20
  },
  "individual_model_f1": {
    "knn": 0.24358974358974358,
    "random_forest": 0.17142857142857143,
    "extra_trees": 0.0
  },
  "clinical_metrics": {
    "sensitivity": 0.7692307692307693,
    "specificity": 0.3803680981595092,
    "ppv": 0.1652892561983471,
    "npv": 0.9117647058823529
  }
}